onset	duration	sample	nouns	verbs	characters	valence	arousal
3.0	1.5	2	telephone.n.01; bed.n.01; teddy.n.01	communicating.v.01; lie.v.02	Nancy Wheeler	5	1
4.5	1.5	3	telephone.n.01; bed.n.01; teddy.n.01	communicating.v.01; lie.v.02	Nancy Wheeler	5	1
6.0	1.5	4	telephone.n.01; bed.n.01; teddy.n.01	communicating.v.01; lie.v.02	Nancy Wheeler	5	1
7.5	1.5	5	telephone.n.01; daytime.n.01; lamp.n.02	communicating.v.01; sit up.v.02	Nancy Wheeler	5	1
9.0	1.5	6	telephone.n.01; daytime.n.01; lamp.n.02	communicating.v.01; sit up.v.02	Nancy Wheeler	5	1
10.5	1.5	7	telephone.n.01; daytime.n.01; lamp.n.02	communicating.v.01; sit up.v.02	Nancy Wheeler	5	1
12.0	1.5	8	telephone.n.01; daytime.n.01; lamp.n.02	communicating.v.01; sit up.v.02	Nancy Wheeler	5	1
13.5	1.5	9	telephone.n.01; daytime.n.01; lamp.n.02	communicating.v.01; sit up.v.02	Nancy Wheeler	5	1
15.0	1.5	10	telephone.n.01; daytime.n.01; lamp.n.02	communicating.v.01; sit up.v.02; call out.v.02	Nancy Wheeler	5	1
16.5	1.5	11	telephone.n.01; daytime.n.01; lamp.n.02	communicating.v.01; sit up.v.02; call out.v.02	Nancy Wheeler	5	1
18.0	1.5	12	telephone.n.01; daytime.n.01; lamp.n.02	communicating.v.01; sit up.v.02; call out.v.02	Nancy Wheeler	5	1
19.5	1.5	13	telephone.n.01; daytime.n.01; lamp.n.02	communicating.v.01; sit up.v.02; call out.v.02	Nancy Wheeler	5	1
21.0	1.5	14	telephone.n.01; daytime.n.01; lamp.n.02	communicating.v.01; sit up.v.02; hang up.v.02	Nancy Wheeler	5	1
22.5	1.5	15	dining table.n.01; lamp.n.02	dining.v.01	Nancy Wheeler; Lucas Sinclair; Mike Wheeler; Dustin Henderson	5	1
24.0	1.5	16	dining table.n.01; lamp.n.02	dining.v.01	Nancy Wheeler; Lucas Sinclair; Mike Wheeler; Dustin Henderson	5	1
25.5	1.5	17	dining table.n.01; lamp.n.02	dining.v.01	Nancy Wheeler; Lucas Sinclair; Mike Wheeler; Dustin Henderson	5	1
27.0	1.5	18	dining table.n.01; lamp.n.02	dining.v.01; analyze.v.01	Nancy Wheeler; Lucas Sinclair; Mike Wheeler; Dustin Henderson	5	1
28.5	1.5	19	dining table.n.01; lamp.n.02	dining.v.01; analyze.v.01	Nancy Wheeler; Lucas Sinclair; Mike Wheeler; Dustin Henderson	5	1
30.0	1.5	20	dining table.n.01; lamp.n.02	dining.v.01; analyze.v.01	Nancy Wheeler; Lucas Sinclair; Mike Wheeler; Dustin Henderson	5	1
31.5	1.5	21	dining table.n.01; lamp.n.02	dining.v.01; analyze.v.01; ask.v.04	Nancy Wheeler; Lucas Sinclair; Mike Wheeler; Dustin Henderson	5	1
33.0	1.5	22	dining table.n.01; lamp.n.02	dining.v.01; analyze.v.01; hesitate.v.02	Nancy Wheeler; Lucas Sinclair; Mike Wheeler; Dustin Henderson	5	1
34.5	1.5	23	dining table.n.01; lamp.n.02	dining.v.01; analyze.v.01; hesitate.v.02	Nancy Wheeler; Lucas Sinclair; Mike Wheeler; Dustin Henderson	5	1
36.0	1.5	24	dining table.n.01; lamp.n.02	dining.v.01; analyze.v.01; hesitate.v.02	Nancy Wheeler; Lucas Sinclair; Mike Wheeler; Dustin Henderson	5	1
37.5	1.5	25	dining table.n.01; lamp.n.02	dining.v.01; analyze.v.01; hesitate.v.02	Nancy Wheeler; Lucas Sinclair; Mike Wheeler; Dustin Henderson	5	1
39.0	1.5	26	dining table.n.01; lamp.n.02	dining.v.01; analyze.v.01; hesitate.v.02	Nancy Wheeler; Lucas Sinclair; Mike Wheeler; Dustin Henderson	5	1
40.5	1.5	27	dining table.n.01; lamp.n.02	dining.v.01; analyze.v.01; hesitate.v.02	Nancy Wheeler; Lucas Sinclair; Mike Wheeler; Dustin Henderson	5	1
42.0	1.5	28	dining table.n.01; lamp.n.02	dining.v.01; analyze.v.01; compliment.v.01	Nancy Wheeler; Lucas Sinclair; Mike Wheeler; Dustin Henderson	5	1
43.5	1.5	29	dining table.n.01; lamp.n.02	dining.v.01; analyze.v.01; compliment.v.01	Nancy Wheeler; Lucas Sinclair; Mike Wheeler; Dustin Henderson	5	1
45.0	1.5	30	dining table.n.01; lamp.n.02	dining.v.01; analyze.v.01; hesitate.v.02; persuade.v.01	Nancy Wheeler; Lucas Sinclair; Mike Wheeler; Dustin Henderson	5	1
46.5	1.5	31	dining table.n.01; lamp.n.02	dining.v.01; analyze.v.01; hesitate.v.02; persuade.v.01	Nancy Wheeler; Lucas Sinclair; Mike Wheeler; Dustin Henderson	5	1
48.0	1.5	32	dining table.n.01; lamp.n.02	dining.v.01; analyze.v.01; hesitate.v.02; persuade.v.01	Nancy Wheeler; Lucas Sinclair; Mike Wheeler; Dustin Henderson	5	1
49.5	1.5	33	dining table.n.01; lamp.n.02	dining.v.01; analyze.v.01; hesitate.v.02; persuade.v.01	Nancy Wheeler; Lucas Sinclair; Mike Wheeler; Dustin Henderson	5	1
51.0	1.5	34	dining table.n.01; lamp.n.02	dining.v.01; analyze.v.01; hesitate.v.02; persuade.v.01	Nancy Wheeler; Lucas Sinclair; Mike Wheeler; Dustin Henderson	5	1
52.5	1.5	35	dining table.n.01; lamp.n.02	dining.v.01; analyze.v.01; hesitate.v.02; persuade.v.01	Nancy Wheeler; Lucas Sinclair; Mike Wheeler; Dustin Henderson	5	1
54.0	1.5	36	dining table.n.01; lamp.n.02	dining.v.01; analyze.v.01; hesitate.v.02; persuade.v.01	Nancy Wheeler; Lucas Sinclair; Mike Wheeler; Dustin Henderson	5	1
55.5	1.5	37	dining table.n.01; lamp.n.02	dining.v.01; analyze.v.01; hesitate.v.02; persuade.v.01	Nancy Wheeler; Lucas Sinclair; Mike Wheeler; Dustin Henderson	5	1
57.0	1.5	38	dining table.n.01; lamp.n.02	dining.v.01; analyze.v.01; hesitate.v.02; persuade.v.01	Nancy Wheeler; Lucas Sinclair; Mike Wheeler; Dustin Henderson	5	1
58.5	1.5	39	dining table.n.01; lamp.n.02	dining.v.01; analyze.v.01; hesitate.v.02; persuade.v.01	Nancy Wheeler; Lucas Sinclair; Mike Wheeler; Dustin Henderson	5	1
60.0	1.5	40	dining table.n.01; lamp.n.02	dining.v.01; analyze.v.01; hesitate.v.02; persuade.v.01	Nancy Wheeler; Lucas Sinclair; Mike Wheeler; Dustin Henderson	5	1
61.5	1.5	41	dining table.n.01; lamp.n.02	dining.v.01; analyze.v.01; hesitate.v.02; persuade.v.01	Nancy Wheeler; Lucas Sinclair; Mike Wheeler; Dustin Henderson	5	1
63.0	1.5	42	dining table.n.01; lamp.n.02	dining.v.01; analyze.v.01; hesitate.v.02; persuade.v.01	Nancy Wheeler; Lucas Sinclair; Mike Wheeler; Dustin Henderson	5	1
64.5	1.5	43	dining table.n.01; lamp.n.02	dining.v.01; analyze.v.01; hesitate.v.02; persuade.v.01	Nancy Wheeler; Lucas Sinclair; Mike Wheeler; Dustin Henderson	5	1
66.0	1.5	44	dining table.n.01; lamp.n.02	dining.v.01; analyze.v.01; hesitate.v.02; persuade.v.01	Nancy Wheeler; Lucas Sinclair; Mike Wheeler; Dustin Henderson	5	1
67.5	1.5	45	dining table.n.01; lamp.n.02	dining.v.01; analyze.v.01; hesitate.v.02; persuade.v.01	Nancy Wheeler; Lucas Sinclair; Mike Wheeler; Dustin Henderson	5	1
69.0	1.5	46	dining table.n.01; lamp.n.02	dining.v.01; analyze.v.01; hesitate.v.02; persuade.v.01	Nancy Wheeler; Lucas Sinclair; Mike Wheeler; Dustin Henderson	5	1
70.5	1.5	47	dining table.n.01; lamp.n.02	dining.v.01; analyze.v.01; hesitate.v.02; approve.v.02	Nancy Wheeler; Lucas Sinclair; Mike Wheeler; Dustin Henderson	5	1
72.0	1.5	48	dining table.n.01; lamp.n.02	dining.v.01; analyze.v.01; hesitate.v.02; approve.v.02	Nancy Wheeler; Lucas Sinclair; Mike Wheeler; Dustin Henderson	5	1
73.5	1.5	49	dining table.n.01; lamp.n.02	dining.v.01; analyze.v.01; hesitate.v.02; suggest.v.01	Nancy Wheeler; Lucas Sinclair; Mike Wheeler; Dustin Henderson	5	1
75.0	1.5	50	dining table.n.01; lamp.n.02	dining.v.01; analyze.v.01; hesitate.v.02; reject.v.02	Nancy Wheeler; Lucas Sinclair; Mike Wheeler; Dustin Henderson	5	1
76.5	1.5	51	dining table.n.01; lamp.n.02	dining.v.01; analyze.v.01; hesitate.v.02; suggest.v.01; reason.v.02	Nancy Wheeler; Lucas Sinclair; Mike Wheeler; Dustin Henderson	5	1
78.0	1.5	52	dining table.n.01; lamp.n.02	dining.v.01; analyze.v.01; hesitate.v.02; suggest.v.01; reason.v.02	Nancy Wheeler; Lucas Sinclair; Mike Wheeler; Dustin Henderson; Eleven	5	1
79.5	1.5	53	dining table.n.01; lamp.n.02	dining.v.01; analyze.v.01; hesitate.v.02; suggest.v.01; reason.v.02; choke.v.08	Nancy Wheeler; Lucas Sinclair; Mike Wheeler; Dustin Henderson; Eleven	5	5
81.0	1.5	54	dining table.n.01; lamp.n.02	dining.v.01; analyze.v.01; hesitate.v.02; suggest.v.01; reason.v.02; choke.v.08; bang.v.01; signal.v.01	Nancy Wheeler; Lucas Sinclair; Mike Wheeler; Dustin Henderson; Eleven	5	5
82.5	1.5	55	dining table.n.01; lamp.n.02	dining.v.01; analyze.v.01; hesitate.v.02; suggest.v.01; reason.v.02; choke.v.08; bang.v.01; signal.v.01; stare.v.01	Nancy Wheeler; Lucas Sinclair; Mike Wheeler; Dustin Henderson; Eleven	5	2
84.0	1.5	56	dining table.n.01; lamp.n.02	dining.v.01; analyze.v.01; hesitate.v.02; suggest.v.01; reason.v.02; choke.v.08; bang.v.01; signal.v.01; stare.v.01	Nancy Wheeler; Lucas Sinclair; Mike Wheeler; Dustin Henderson; Eleven	5	2
85.5	1.5	57	dining table.n.01; lamp.n.02	dining.v.01; analyze.v.01; hesitate.v.02; suggest.v.01; reason.v.02; choke.v.08; bang.v.01; signal.v.01; stare.v.01	Nancy Wheeler; Lucas Sinclair; Mike Wheeler; Dustin Henderson; Eleven	5	2
87.0	1.5	58	dining table.n.01; lamp.n.02	dining.v.01; analyze.v.01; upset.v.01; stare.v.01	Nancy Wheeler; Lucas Sinclair; Mike Wheeler; Dustin Henderson	5	1
88.5	1.5	59	dining table.n.01; lamp.n.02	dining.v.01; analyze.v.01; upset.v.01; stare.v.01	Nancy Wheeler; Lucas Sinclair; Mike Wheeler; Dustin Henderson	5	1
90.0	1.5	60	dining table.n.01; lamp.n.02	dining.v.01; analyze.v.01; upset.v.01; stare.v.01	Nancy Wheeler; Lucas Sinclair; Mike Wheeler; Dustin Henderson	5	1
91.5	1.5	61	dining table.n.01; lamp.n.02	dining.v.01; analyze.v.01; upset.v.01; stare.v.01	Nancy Wheeler; Lucas Sinclair; Mike Wheeler; Dustin Henderson	5	1
93.0	1.5	62	dining table.n.01; lamp.n.02	dining.v.01; analyze.v.01; upset.v.01; stare.v.01	Nancy Wheeler; Lucas Sinclair; Mike Wheeler; Dustin Henderson	5	1
94.5	1.5	63	dining table.n.01; lamp.n.02	dining.v.01; analyze.v.01; upset.v.01; stare.v.01	Nancy Wheeler; Lucas Sinclair; Mike Wheeler; Dustin Henderson	5	1
96.0	1.5	64	nighttime.n.01; restaurant.n.01; police.n.01	bark.v.04		5	1
97.5	1.5	65	nighttime.n.01; restaurant.n.01; police.n.01	bark.v.04		5	1
99.0	1.5	66	nighttime.n.01; restaurant.n.01; police.n.01	bark.v.04		5	1
100.5	1.5	67	nighttime.n.01; restaurant.n.01; police.n.01; flag.n.01; flashlight.n.01 	bark.v.04; yell.v.01		5	1
102.0	1.5	68	nighttime.n.01; restaurant.n.01; police.n.01; flag.n.01; flashlight.n.01 	bark.v.04; yell.v.01		5	1
103.5	1.5	69	nighttime.n.01; restaurant.n.01; police.n.01; flag.n.01; flashlight.n.01 	bark.v.04; yell.v.01; search.v.02		5	1
105.0	1.5	70	nighttime.n.01; restaurant.n.01; police.n.01; flag.n.01; flashlight.n.01 	bark.v.04; yell.v.01; search.v.02		5	1
106.5	1.5	71	nighttime.n.01; restaurant.n.01; police.n.01; flag.n.01; flashlight.n.01 	bark.v.04; yell.v.01; search.v.02		5	1
108.0	1.5	72	nighttime.n.01; tree.n.01; dog.n.01; flashlight.n.01	search.v.02; yell.v.01		5	1
109.5	1.5	73	nighttime.n.01; tree.n.01; dog.n.01; flashlight.n.01	search.v.02; yell.v.01		5	1
111.0	1.5	74	nighttime.n.01; tree.n.01; dog.n.01; flashlight.n.01	search.v.02; yell.v.01		5	1
112.5	1.5	75	nighttime.n.01; tree.n.01; dog.n.01; flashlight.n.01	search.v.02; yell.v.01		5	1
114.0	1.5	76	nighttime.n.01; tree.n.01; dog.n.01; flashlight.n.01	search.v.02; yell.v.01		5	1
115.5	1.5	77	nighttime.n.01; tree.n.01; flashlight.n.01	search.v.02; yell.v.01	Sheriff Jim Hopper	5	1
117.0	1.5	78	nighttime.n.01; tree.n.01; flashlight.n.01	search.v.02; yell.v.01	Sheriff Jim Hopper	5	1
118.5	1.5	79	nighttime.n.01; tree.n.01; flashlight.n.01	search.v.02; yell.v.01	Sheriff Jim Hopper	5	1
120.0	1.5	80	nighttime.n.01; tree.n.01; flashlight.n.01	search.v.02; yell.v.01	Sheriff Jim Hopper	5	1
121.5	1.5	81	nighttime.n.01; tree.n.01; flashlight.n.01	search.v.02; yell.v.01	Sheriff Jim Hopper	5	1
123.0	1.5	82	nighttime.n.01; tree.n.01; flashlight.n.01	search.v.02; yell.v.01	Sheriff Jim Hopper	5	1
124.5	1.5	83	nighttime.n.01; tree.n.01; flashlight.n.01	search.v.02; yell.v.01	Sheriff Jim Hopper	5	1
126.0	1.5	84	nighttime.n.01; tree.n.01; flashlight.n.01	search.v.02; yell.v.01	Sheriff Jim Hopper	5	1
127.5	1.5	85	nighttime.n.01; tree.n.01; flashlight.n.01; whistle.n.02	search.v.02; yell.v.01; deflect.v.04	Sheriff Jim Hopper	5	1
129.0	1.5	86	nighttime.n.01; tree.n.01; flashlight.n.01; whistle.n.02	search.v.02; yell.v.01; deflect.v.04	Sheriff Jim Hopper	5	1
130.5	1.5	87	nighttime.n.01; tree.n.01; flashlight.n.01; whistle.n.02	search.v.02; yell.v.01; deflect.v.04	Sheriff Jim Hopper	5	1
132.0	1.5	88	nighttime.n.01; tree.n.01; flashlight.n.01; whistle.n.02; hurry.n.01	search.v.02; yell.v.01; deflect.v.04	Sheriff Jim Hopper	5	1
133.5	1.5	89	nighttime.n.01; tree.n.01; flashlight.n.01; hurry.n.01	search.v.02	Sheriff Jim Hopper	5	1
135.0	1.5	90	nighttime.n.01; tree.n.01; flashlight.n.01; hurry.n.01	search.v.02; demonstrate.v.01	Sheriff Jim Hopper	5	1
136.5	1.5	91	nighttime.n.01; tree.n.01; flashlight.n.01; hurry.n.01	search.v.02; demonstrate.v.01	Sheriff Jim Hopper	5	1
138.0	1.5	92	nighttime.n.01; tree.n.01; flashlight.n.01; hurry.n.01	search.v.02; demonstrate.v.01	Sheriff Jim Hopper	5	1
139.5	1.5	93	nighttime.n.01; tree.n.01; flashlight.n.01; hurry.n.01; focus.n.01	search.v.02; demonstrate.v.01; analyze.v.01	Sheriff Jim Hopper	5	1
141.0	1.5	94	nighttime.n.01; tree.n.01; flashlight.n.01; hurry.n.01; focus.n.01	search.v.02; demonstrate.v.01; analyze.v.01	Sheriff Jim Hopper	5	1
142.5	1.5	95	nighttime.n.01; tree.n.01; flashlight.n.01; hurry.n.01; focus.n.01	search.v.02; demonstrate.v.01; analyze.v.01	Sheriff Jim Hopper	5	1
144.0	1.5	96	nighttime.n.01; tree.n.01; flashlight.n.01; hurry.n.01; focus.n.01	search.v.02; demonstrate.v.01; analyze.v.01	Sheriff Jim Hopper	5	1
145.5	1.5	97	nighttime.n.01; tree.n.01; flashlight.n.01; hurry.n.01; focus.n.01	search.v.02; demonstrate.v.01; analyze.v.01	Sheriff Jim Hopper	5	1
147.0	1.5	98	nighttime.n.01; tree.n.01; flashlight.n.01; hurry.n.01; focus.n.01	search.v.02; demonstrate.v.01; analyze.v.01	Sheriff Jim Hopper	5	1
148.5	1.5	99	nighttime.n.01; tree.n.01; flashlight.n.01; hurry.n.01; focus.n.01	search.v.02; demonstrate.v.01; analyze.v.01	Sheriff Jim Hopper	5	1
150.0	1.5	100	nighttime.n.01; tree.n.01; flashlight.n.01; hurry.n.01; focus.n.01	search.v.02; demonstrate.v.01; analyze.v.01; rationalize.v.01	Sheriff Jim Hopper	5	1
151.5	1.5	101	nighttime.n.01; tree.n.01; flashlight.n.01; hurry.n.01; focus.n.01	search.v.02; demonstrate.v.01; analyze.v.01; rationalize.v.01	Sheriff Jim Hopper	5	1
153.0	1.5	102	nighttime.n.01; tree.n.01; flashlight.n.01; hurry.n.01; focus.n.01	search.v.02; demonstrate.v.01; analyze.v.01	Sheriff Jim Hopper	5	1
154.5	1.5	103	nighttime.n.01; tree.n.01; flashlight.n.01; hurry.n.01; focus.n.01	search.v.02; demonstrate.v.01; analyze.v.01	Sheriff Jim Hopper	5	1
156.0	1.5	104	nighttime.n.01; tree.n.01; flashlight.n.01; hurry.n.01; focus.n.01	search.v.02; demonstrate.v.01; analyze.v.01	Sheriff Jim Hopper	5	1
157.5	1.5	105	nighttime.n.01; tree.n.01; flashlight.n.01; hurry.n.01; focus.n.01	search.v.02; demonstrate.v.01; analyze.v.01	Sheriff Jim Hopper	5	1
159.0	1.5	106	nighttime.n.01; tree.n.01; flashlight.n.01; hurry.n.01; focus.n.01	search.v.02; demonstrate.v.01; analyze.v.01	Sheriff Jim Hopper	5	1
160.5	1.5	107	nighttime.n.01; tree.n.01; flashlight.n.01; hurry.n.01; focus.n.01	search.v.02; demonstrate.v.01; analyze.v.01	Sheriff Jim Hopper	5	1
162.0	1.5	108	nighttime.n.01; tree.n.01; flashlight.n.01; hurry.n.01; focus.n.01	search.v.02; demonstrate.v.01; analyze.v.01	Sheriff Jim Hopper	5	1
163.5	1.5	109	nighttime.n.01; tree.n.01; flashlight.n.01; hurry.n.01; focus.n.01	search.v.02; demonstrate.v.01; analyze.v.01	Sheriff Jim Hopper	5	1
165.0	1.5	110	nighttime.n.01; tree.n.01; flashlight.n.01; hurry.n.01; focus.n.01	search.v.02; demonstrate.v.01; analyze.v.01	Sheriff Jim Hopper	5	1
166.5	1.5	111	nighttime.n.01; tree.n.01; flashlight.n.01; hurry.n.01; focus.n.01	search.v.02; demonstrate.v.01; analyze.v.01	Sheriff Jim Hopper	5	1
168.0	1.5	112	nighttime.n.01; tree.n.01; flashlight.n.01; hurry.n.01; focus.n.01	search.v.02; demonstrate.v.01; analyze.v.01	Sheriff Jim Hopper	5	1
169.5	1.5	113	nighttime.n.01; tree.n.01; flashlight.n.01; hurry.n.01; focus.n.01	search.v.02; demonstrate.v.01; analyze.v.01	Sheriff Jim Hopper	5	1
171.0	1.5	114	nighttime.n.01; tree.n.01; flashlight.n.01; hurry.n.01; focus.n.01	search.v.02; demonstrate.v.01; analyze.v.01	Sheriff Jim Hopper	5	1
172.5	1.5	115	nighttime.n.01; tree.n.01; flashlight.n.01; hurry.n.01; focus.n.01; fence.n.01	search.v.02; analyze.v.01	Sheriff Jim Hopper	5	1
174.0	1.5	116	nighttime.n.01; tree.n.01; flashlight.n.01; hurry.n.01; focus.n.01; fence.n.01	search.v.02; analyze.v.01	Sheriff Jim Hopper	5	1
175.5	1.5	117	nighttime.n.01; tree.n.01; flashlight.n.01; hurry.n.01; focus.n.01; fence.n.01	search.v.02; analyze.v.01	Sheriff Jim Hopper	5	1
177.0	1.5	118	nighttime.n.01; tree.n.01; flashlight.n.01; hurry.n.01; focus.n.01; fence.n.01; light.n.02	search.v.02; analyze.v.01	Sheriff Jim Hopper	5	1
178.5	1.5	119	nighttime.n.01; tree.n.01; flashlight.n.01; hurry.n.01; focus.n.01; fence.n.01; light.n.02	search.v.02; analyze.v.01	Sheriff Jim Hopper	5	1
180.0	1.5	120	nighttime.n.01; tree.n.01; flashlight.n.01; hurry.n.01; focus.n.01; fence.n.01; light.n.02	search.v.02; analyze.v.01	Sheriff Jim Hopper	5	1
181.5	1.5	121	nighttime.n.01; tree.n.01; flashlight.n.01; hurry.n.01; focus.n.01; fence.n.01; light.n.02	search.v.02; analyze.v.01	Sheriff Jim Hopper	5	1
183.0	1.5	122	nighttime.n.01; device.n.01; button.n.02			5	1
184.5	1.5	123	nighttime.n.01; device.n.01; button.n.02			5	1
186.0	1.5	124	nighttime.n.01; device.n.01; button.n.02	transmit.v.03		5	1
187.5	1.5	125	nighttime.n.01; device.n.01; button.n.02; tent.n.02	transmit.v.03	Eleven	5	1
189.0	1.5	126	nighttime.n.01; device.n.01; button.n.02; tent.n.02	transmit.v.03	Eleven	5	1
190.5	1.5	127	nighttime.n.01; device.n.01; button.n.02; tent.n.02; basement.n.01; lamp.n.02; tray.n.01	transmit.v.03	Eleven; Mike Wheeler	5	1
192.0	1.5	128	nighttime.n.01; device.n.01; button.n.02; tent.n.02; basement.n.01; lamp.n.02; tray.n.01	transmit.v.03; approach.v.01	Eleven; Mike Wheeler; Dustin Henderson	5	1
193.5	1.5	129	nighttime.n.01; device.n.01; button.n.02; tent.n.02; basement.n.01; lamp.n.02; tray.n.01	transmit.v.03; approach.v.01	Eleven; Mike Wheeler; Dustin Henderson	5	1
195.0	1.5	130	nighttime.n.01; device.n.01; button.n.02; tent.n.02; basement.n.01; lamp.n.02; tray.n.01	transmit.v.03; approach.v.01	Eleven; Mike Wheeler; Dustin Henderson	5	1
196.5	1.5	131	nighttime.n.01; device.n.01; button.n.02; tent.n.02; basement.n.01; lamp.n.02; tray.n.01	transmit.v.03; approach.v.01	Eleven; Mike Wheeler; Dustin Henderson; Lucass Sinclair	5	1
198.0	1.5	132	nighttime.n.01; device.n.01; button.n.02; tent.n.02; basement.n.01; lamp.n.02; tray.n.01	transmit.v.03; approach.v.01	Eleven; Mike Wheeler; Dustin Henderson; Lucass Sinclair	5	1
199.5	1.5	133	nighttime.n.01; device.n.01; button.n.02; tent.n.02; basement.n.01; lamp.n.02; tray.n.01	transmit.v.03; approach.v.01; stare.v.01	Eleven; Mike Wheeler; Dustin Henderson; Lucass Sinclair	5	1
201.0	1.5	134	nighttime.n.01; device.n.01; button.n.02; tent.n.02; basement.n.01; lamp.n.02; tray.n.01	transmit.v.03; approach.v.01; stare.v.01	Eleven; Mike Wheeler; Dustin Henderson; Lucass Sinclair	5	1
202.5	1.5	135	nighttime.n.01; device.n.01; button.n.02; tent.n.02; basement.n.01; lamp.n.02; tray.n.01	transmit.v.03; approach.v.01; stare.v.01	Eleven; Mike Wheeler; Dustin Henderson; Lucass Sinclair	5	1
204.0	1.5	136	nighttime.n.01; device.n.01; button.n.02; tent.n.02; basement.n.01; lamp.n.02; tray.n.01	transmit.v.03; approach.v.01; stare.v.01; console.v.01	Eleven; Mike Wheeler; Dustin Henderson; Lucass Sinclair	5	1
205.5	1.5	137	nighttime.n.01; device.n.01; button.n.02; tent.n.02; basement.n.01; lamp.n.02; tray.n.01	transmit.v.03; approach.v.01; stare.v.01; console.v.01	Eleven; Mike Wheeler; Dustin Henderson; Lucass Sinclair	5	1
207.0	1.5	138	nighttime.n.01; device.n.01; button.n.02; tent.n.02; basement.n.01; lamp.n.02; tray.n.01	transmit.v.03; approach.v.01; stare.v.01; console.v.01	Eleven; Mike Wheeler; Dustin Henderson; Lucass Sinclair	5	1
208.5	1.5	139	nighttime.n.01; device.n.01; button.n.02; tent.n.02; basement.n.01; lamp.n.02; tray.n.01	transmit.v.03; approach.v.01; stare.v.01; console.v.01	Eleven; Mike Wheeler; Dustin Henderson; Lucass Sinclair	5	1
210.0	1.5	140	nighttime.n.01; device.n.01; button.n.02; tent.n.02; basement.n.01; lamp.n.02; tray.n.01	transmit.v.03; approach.v.01; stare.v.01; joke.v.01	Eleven; Mike Wheeler; Dustin Henderson; Lucass Sinclair	5	1
211.5	1.5	141	nighttime.n.01; device.n.01; button.n.02; tent.n.02; basement.n.01; lamp.n.02; tray.n.01	transmit.v.03; approach.v.01; stare.v.01; console.v.01	Eleven; Mike Wheeler; Dustin Henderson; Lucass Sinclair	5	1
213.0	1.5	142	nighttime.n.01; device.n.01; button.n.02; tent.n.02; basement.n.01; lamp.n.02; tray.n.01	transmit.v.03; approach.v.01; stare.v.01; console.v.01	Eleven; Mike Wheeler; Dustin Henderson; Lucass Sinclair	5	1
214.5	1.5	143	nighttime.n.01; device.n.01; button.n.02; tent.n.02; basement.n.01; lamp.n.02; tray.n.01	transmit.v.03; approach.v.01; stare.v.01; console.v.01	Eleven; Mike Wheeler; Dustin Henderson; Lucass Sinclair	5	1
216.0	1.5	144	nighttime.n.01; device.n.01; button.n.02; tent.n.02; basement.n.01; lamp.n.02; tray.n.01	transmit.v.03; approach.v.01; stare.v.01; console.v.01	Eleven; Mike Wheeler; Dustin Henderson; Lucass Sinclair	5	1
217.5	1.5	145	nighttime.n.01; device.n.01; button.n.02; tent.n.02; basement.n.01; lamp.n.02; tray.n.01	transmit.v.03; approach.v.01; stare.v.01; console.v.01	Eleven; Mike Wheeler; Dustin Henderson; Lucass Sinclair	5	1
219.0	1.5	146	nighttime.n.01; device.n.01; button.n.02; tent.n.02; basement.n.01; lamp.n.02; tray.n.01	transmit.v.03; approach.v.01; stare.v.01; console.v.01	Eleven; Mike Wheeler; Dustin Henderson; Lucass Sinclair	5	1
220.5	1.5	147	nighttime.n.01; device.n.01; button.n.02; tent.n.02; basement.n.01; lamp.n.02; tray.n.01	transmit.v.03; approach.v.01; stare.v.01; console.v.01	Eleven; Mike Wheeler; Dustin Henderson; Lucass Sinclair	5	1
222.0	1.5	148	nighttime.n.01; device.n.01; button.n.02; tent.n.02; basement.n.01; lamp.n.02; tray.n.01	transmit.v.03; approach.v.01; stare.v.01; console.v.01	Eleven; Mike Wheeler; Dustin Henderson; Lucass Sinclair	5	1
223.5	1.5	149	nighttime.n.01; device.n.01; button.n.02; tent.n.02; basement.n.01; lamp.n.02; tray.n.01	transmit.v.03; approach.v.01; stare.v.01; console.v.01	Eleven; Mike Wheeler; Dustin Henderson; Lucass Sinclair	5	1
225.0	1.5	150	nighttime.n.01; device.n.01; button.n.02; tent.n.02; basement.n.01; lamp.n.02; tray.n.01	transmit.v.03; approach.v.01; stare.v.01; confuse.v.02	Eleven; Mike Wheeler; Dustin Henderson; Lucass Sinclair	5	1
226.5	1.5	151	nighttime.n.01; device.n.01; button.n.02; tent.n.02; basement.n.01; lamp.n.02; tray.n.01	transmit.v.03; approach.v.01; stare.v.01; confuse.v.02	Eleven; Mike Wheeler; Dustin Henderson; Lucass Sinclair	5	1
228.0	1.5	152	nighttime.n.01; device.n.01; button.n.02; tent.n.02; basement.n.01; lamp.n.02; tray.n.01	transmit.v.03; approach.v.01; stare.v.01; confuse.v.02	Eleven; Mike Wheeler; Dustin Henderson; Lucass Sinclair	5	1
229.5	1.5	153	nighttime.n.01; device.n.01; button.n.02; tent.n.02; basement.n.01; lamp.n.02; tray.n.01	transmit.v.03; approach.v.01; stare.v.01; confuse.v.02	Eleven; Mike Wheeler; Dustin Henderson; Lucass Sinclair	5	1
231.0	1.5	154	nighttime.n.01; device.n.01; button.n.02; tent.n.02; basement.n.01; lamp.n.02; tray.n.01	transmit.v.03; approach.v.01; stare.v.01; confuse.v.02	Eleven; Mike Wheeler; Dustin Henderson; Lucass Sinclair	5	1
232.5	1.5	155	nighttime.n.01; device.n.01; button.n.02; tent.n.02; basement.n.01; lamp.n.02; tray.n.01	transmit.v.03; approach.v.01; stare.v.01; confuse.v.02	Eleven; Mike Wheeler; Dustin Henderson; Lucass Sinclair	5	1
234.0	1.5	156	nighttime.n.01; device.n.01; button.n.02; tent.n.02; basement.n.01; lamp.n.02; tray.n.01	transmit.v.03; approach.v.01; stare.v.01; explain.v.01	Eleven; Mike Wheeler; Dustin Henderson; Lucass Sinclair	5	1
235.5	1.5	157	nighttime.n.01; device.n.01; button.n.02; tent.n.02; basement.n.01; lamp.n.02; tray.n.01	transmit.v.03; approach.v.01; stare.v.01; explain.v.01	Eleven; Mike Wheeler; Dustin Henderson; Lucass Sinclair	5	1
237.0	1.5	158	nighttime.n.01; device.n.01; button.n.02; tent.n.02; basement.n.01; lamp.n.02; tray.n.01	transmit.v.03; approach.v.01; stare.v.01; explain.v.01	Eleven; Mike Wheeler; Dustin Henderson; Lucass Sinclair	5	1
238.5	1.5	159	nighttime.n.01; device.n.01; button.n.02; tent.n.02; basement.n.01; lamp.n.02; tray.n.01	transmit.v.03; approach.v.01; stare.v.01; explain.v.01	Eleven; Mike Wheeler; Dustin Henderson; Lucass Sinclair	5	1
240.0	1.5	160	nighttime.n.01; device.n.01; button.n.02; tent.n.02; basement.n.01; lamp.n.02; tray.n.01	transmit.v.03; approach.v.01; stare.v.01; explain.v.01	Eleven; Mike Wheeler; Dustin Henderson; Lucass Sinclair	5	1
241.5	1.5	161	nighttime.n.01; device.n.01; button.n.02; tent.n.02; basement.n.01; lamp.n.02; tray.n.01	transmit.v.03; approach.v.01; stare.v.01; explain.v.01	Eleven; Mike Wheeler; Dustin Henderson; Lucass Sinclair	5	1
243.0	1.5	162	nighttime.n.01; device.n.01; button.n.02; tent.n.02; basement.n.01; lamp.n.02; tray.n.01	transmit.v.03; approach.v.01; stare.v.01; explain.v.01	Eleven; Mike Wheeler; Dustin Henderson; Lucass Sinclair	5	1
244.5	1.5	163	nighttime.n.01; device.n.01; button.n.02; tent.n.02; basement.n.01; lamp.n.02; tray.n.01	transmit.v.03; approach.v.01; stare.v.01; explain.v.01; demonstrate.v.01	Eleven; Mike Wheeler; Dustin Henderson; Lucass Sinclair	5	1
246.0	1.5	164	nighttime.n.01; device.n.01; button.n.02; tent.n.02; basement.n.01; lamp.n.02; tray.n.01	transmit.v.03; approach.v.01; stare.v.01; explain.v.01; demonstrate.v.01	Eleven; Mike Wheeler; Dustin Henderson; Lucass Sinclair	5	1
247.5	1.5	165	nighttime.n.01; device.n.01; button.n.02; tent.n.02; basement.n.01; lamp.n.02; tray.n.01	transmit.v.03; approach.v.01; stare.v.01; explain.v.01; demonstrate.v.01	Eleven; Mike Wheeler; Dustin Henderson; Lucass Sinclair	5	1
249.0	1.5	166	nighttime.n.01; device.n.01; button.n.02; tent.n.02; basement.n.01; lamp.n.02; tray.n.01	transmit.v.03; approach.v.01; stare.v.01; explain.v.01; demonstrate.v.01	Eleven; Mike Wheeler; Dustin Henderson; Lucass Sinclair	5	1
250.5	1.5	167	nighttime.n.01; device.n.01; button.n.02; tent.n.02; basement.n.01; lamp.n.02; tray.n.01	transmit.v.03; approach.v.01; stare.v.01; explain.v.01	Eleven; Mike Wheeler; Dustin Henderson; Lucass Sinclair	5	1
252.0	1.5	168	nighttime.n.01; device.n.01; button.n.02; tent.n.02; basement.n.01; lamp.n.02; tray.n.01	transmit.v.03; approach.v.01; stare.v.01; explain.v.01	Eleven; Mike Wheeler; Dustin Henderson; Lucass Sinclair	5	1
253.5	1.5	169	nighttime.n.01; device.n.01; button.n.02; tent.n.02; basement.n.01; lamp.n.02; tray.n.01	transmit.v.03; approach.v.01; stare.v.01; explain.v.01	Eleven; Mike Wheeler; Dustin Henderson; Lucass Sinclair	5	1
255.0	1.5	170	nighttime.n.01; device.n.01; button.n.02; tent.n.02; basement.n.01; lamp.n.02; tray.n.01	transmit.v.03; approach.v.01; stare.v.01; explain.v.01	Eleven; Mike Wheeler; Dustin Henderson; Lucass Sinclair	5	1
256.5	1.5	171	nighttime.n.01; device.n.01; button.n.02; tent.n.02; basement.n.01; lamp.n.02; tray.n.01	transmit.v.03; approach.v.01; stare.v.01; explain.v.01	Eleven; Mike Wheeler; Dustin Henderson; Lucass Sinclair	5	1
258.0	1.5	172	nighttime.n.01; tree.n.01; automobile.n.01; light.n.02	driving.v.01		5	1
259.5	1.5	173	nighttime.n.01; tree.n.01; automobile.n.01; light.n.02	driving.v.01		5	1
261.0	1.5	174	nighttime.n.01; tree.n.01; automobile.n.01; light.n.02	driving.v.01		5	1
262.5	1.5	175	nighttime.n.01; tree.n.01; automobile.n.01; light.n.02	driving.v.01		5	1
264.0	1.5	176	nighttime.n.01; tree.n.01; automobile.n.01; light.n.02	driving.v.01		5	1
265.5	1.5	177	nighttime.n.01; tree.n.01; automobile.n.01; light.n.02	driving.v.01; demand.v.01		5	1
267.0	1.5	178	nighttime.n.01; tree.n.01; automobile.n.01; light.n.02	driving.v.01; demand.v.01		5	1
268.5	1.5	179	nighttime.n.01; tree.n.01; automobile.n.01; light.n.02	driving.v.01; demand.v.01; pull over.v.01		5	1
270.0	1.5	180	nighttime.n.01; tree.n.01; automobile.n.01; light.n.02	ask.v.01; pull over.v.01	Nancy Wheeler	5	1
271.5	1.5	181	nighttime.n.01; tree.n.01; automobile.n.01; light.n.02	analyze.v.01; pull over.v.01	Nancy Wheeler	5	1
273.0	1.5	182	nighttime.n.01; tree.n.01; automobile.n.01; light.n.02	analyze.v.01; pull over.v.01	Nancy Wheeler	5	1
274.5	1.5	183	nighttime.n.01; tree.n.01; automobile.n.01; light.n.02	analyze.v.01; pull over.v.01	Nancy Wheeler	5	1
276.0	1.5	184	nighttime.n.01; tree.n.01; automobile.n.01; light.n.02	analyze.v.01; pull over.v.01	Nancy Wheeler	5	1
277.5	1.5	185	nighttime.n.01; tree.n.01; automobile.n.01; light.n.02; lipstick.n.01	analyze.v.01; pull over.v.01	Nancy Wheeler	5	1
279.0	1.5	186	nighttime.n.01; tree.n.01; automobile.n.01; light.n.02	analyze.v.01; pull over.v.01; explain.v.01	Nancy Wheeler	5	1
280.5	1.5	187	nighttime.n.01; tree.n.01; automobile.n.01; light.n.02	analyze.v.01; pull over.v.01; manipulate.v.01	Nancy Wheeler	5	1
282.0	1.5	188	nighttime.n.01; tree.n.01; automobile.n.01; light.n.02	analyze.v.01; pull over.v.01; manipulate.v.01	Nancy Wheeler	5	1
283.5	1.5	189	nighttime.n.01; tree.n.01; automobile.n.01; light.n.02	analyze.v.01; pull over.v.01; manipulate.v.01	Nancy Wheeler	5	1
285.0	1.5	190	nighttime.n.01; tree.n.01; automobile.n.01; light.n.02; insight.n.01	analyze.v.01; pull over.v.01; manipulate.v.01	Nancy Wheeler	5	1
286.5	1.5	191	nighttime.n.01; tree.n.01; automobile.n.01; light.n.02; insight.n.01	analyze.v.01; pull over.v.01; manipulate.v.01	Nancy Wheeler	5	1
288.0	1.5	192	nighttime.n.01; tree.n.01; automobile.n.01; light.n.02; insight.n.01	analyze.v.01; pull over.v.01; manipulate.v.01	Nancy Wheeler	5	1
289.5	1.5	193	nighttime.n.01; tree.n.01; automobile.n.01; light.n.02; insight.n.01	analyze.v.01; pull over.v.01; manipulate.v.01	Nancy Wheeler	5	1
291.0	1.5	194	nighttime.n.01; tree.n.01; automobile.n.01; light.n.02; insight.n.01	analyze.v.01; pull over.v.01; manipulate.v.01	Nancy Wheeler	5	1
292.5	1.5	195	nighttime.n.01; tree.n.01; automobile.n.01; light.n.02; insight.n.01	analyze.v.01; pull over.v.01; manipulate.v.01	Nancy Wheeler	5	1
294.0	1.5	196	nighttime.n.01; tree.n.01; automobile.n.01; light.n.02; insight.n.01	analyze.v.01; pull over.v.01; manipulate.v.01	Nancy Wheeler	5	1
295.5	1.5	197	nighttime.n.01; tree.n.01; automobile.n.01; light.n.02; insight.n.01	analyze.v.01; pull over.v.01; manipulate.v.01	Nancy Wheeler	5	1
297.0	1.5	198	nighttime.n.01; tree.n.01; automobile.n.01; light.n.02; insight.n.01	analyze.v.01; pull over.v.01; manipulate.v.01	Nancy Wheeler	5	1
298.5	1.5	199	nighttime.n.01; tree.n.01; automobile.n.01; light.n.02; insight.n.01	analyze.v.01; pull over.v.01; manipulate.v.01	Nancy Wheeler	5	1
300.0	1.5	200	nighttime.n.01; tree.n.01; automobile.n.01; light.n.02; insight.n.01	analyze.v.01; pull over.v.01; manipulate.v.01	Nancy Wheeler	5	1
301.5	1.5	201	nighttime.n.01; tree.n.01; automobile.n.01; light.n.02; insight.n.01	analyze.v.01; pull over.v.01; manipulate.v.01	Nancy Wheeler	5	1
303.0	1.5	202	nighttime.n.01; tree.n.01; automobile.n.01; light.n.02; insight.n.01	analyze.v.01; pull over.v.01; manipulate.v.01	Nancy Wheeler	5	1
304.5	1.5	203	nighttime.n.01; tree.n.01; automobile.n.01; light.n.02; insight.n.01	analyze.v.01; pull over.v.01; manipulate.v.01	Nancy Wheeler	5	1
306.0	1.5	204	nighttime.n.01; tree.n.01; automobile.n.01; light.n.02; insight.n.01	analyze.v.01; pull over.v.01; manipulate.v.01	Nancy Wheeler	5	1
307.5	1.5	205	nighttime.n.01; tree.n.01; automobile.n.01; light.n.02; insight.n.01	analyze.v.01; pull over.v.01; manipulate.v.01	Nancy Wheeler	5	1
309.0	1.5	206	nighttime.n.01; tree.n.01; automobile.n.01; light.n.02; insight.n.01	analyze.v.01; pull over.v.01; manipulate.v.01	Nancy Wheeler	5	1
310.5	1.5	207	nighttime.n.01; tree.n.01; automobile.n.01; light.n.02; insight.n.01	analyze.v.01; pull over.v.01; manipulate.v.01	Nancy Wheeler	5	1
312.0	1.5	208	nighttime.n.01; tree.n.01; automobile.n.01; light.n.02; insight.n.01	analyze.v.01; pull over.v.01; manipulate.v.01	Nancy Wheeler	5	1
313.5	1.5	209	nighttime.n.01; tree.n.01; automobile.n.01; light.n.02; insight.n.01	analyze.v.01; pull over.v.01; manipulate.v.01	Nancy Wheeler	5	1
315.0	1.5	210	nighttime.n.01; tree.n.01; automobile.n.01; light.n.02; insight.n.01	analyze.v.01; pull over.v.01; manipulate.v.01	Nancy Wheeler	5	1
316.5	1.5	211	nighttime.n.01; tree.n.01; automobile.n.01; light.n.02; insight.n.01	analyze.v.01; pull over.v.01; manipulate.v.01	Nancy Wheeler	5	1
318.0	1.5	212	nighttime.n.01; tree.n.01; automobile.n.01; light.n.02; insight.n.01	analyze.v.01; pull over.v.01; manipulate.v.01; undress.v.01	Nancy Wheeler	5	1
319.5	1.5	213	nighttime.n.01; tree.n.01; automobile.n.01; light.n.02; insight.n.01	analyze.v.01; pull over.v.01; manipulate.v.01; undress.v.01	Nancy Wheeler	5	1
321.0	1.5	214	nighttime.n.01; tree.n.01; automobile.n.01; light.n.02; insight.n.01	analyze.v.01; pull over.v.01; manipulate.v.01; undress.v.01	Nancy Wheeler	5	1
322.5	1.5	215	nighttime.n.01; tree.n.01; automobile.n.01; light.n.02; insight.n.01	analyze.v.01; pull over.v.01; manipulate.v.01; undress.v.01	Nancy Wheeler	5	1
324.0	1.5	216	nighttime.n.01; tree.n.01; automobile.n.01; light.n.02; insight.n.01	analyze.v.01; pull over.v.01; manipulate.v.01; undress.v.01	Nancy Wheeler	5	1
325.5	1.5	217	nighttime.n.01; tree.n.01; automobile.n.01; light.n.02; insight.n.01	analyze.v.01; pull over.v.01; manipulate.v.01; undress.v.01	Nancy Wheeler	5	1
327.0	1.5	218	nighttime.n.01; house.n.01; tree.n.01	approach.v.01	Nancy Wheeler	5	1
328.5	1.5	219	nighttime.n.01; house.n.01; tree.n.01	approach.v.01	Nancy Wheeler	5	1
330.0	1.5	220	nighttime.n.01; house.n.01; tree.n.01	approach.v.01	Nancy Wheeler	5	1
331.5	1.5	221	nighttime.n.01; house.n.01; tree.n.01	approach.v.01	Nancy Wheeler	5	1
333.0	1.5	222	nighttime.n.01; house.n.01; tree.n.01	approach.v.01	Nancy Wheeler	5	1
334.5	1.5	223	nighttime.n.01; house.n.01; tree.n.01	approach.v.01; ring.v.01; wait.v.01	Nancy Wheeler	5	1
336.0	1.5	224	nighttime.n.01; house.n.01; tree.n.01	approach.v.01; ring.v.01; wait.v.01	Nancy Wheeler	5	1
337.5	1.5	225	nighttime.n.01; house.n.01; tree.n.01	approach.v.01; ring.v.01; wait.v.01	Nancy Wheeler	5	1
339.0	1.5	226	nighttime.n.01; house.n.01; tree.n.01	approach.v.01; ring.v.01; wait.v.01	Nancy Wheeler	5	1
340.5	1.5	227	nighttime.n.01; house.n.01; tree.n.01	approach.v.01; ring.v.01; wait.v.01	Nancy Wheeler	5	1
342.0	1.5	228	nighttime.n.01; house.n.01; tree.n.01	approach.v.01; ring.v.01; wait.v.01	Nancy Wheeler	5	1
343.5	1.5	229	nighttime.n.01; house.n.01; tree.n.01	approach.v.01; ring.v.01; wait.v.01	Nancy Wheeler	5	1
345.0	1.5	230	nighttime.n.01; house.n.01; tree.n.01; door.n.01; stair.n.01	wait.v.01; open.v.01	Nancy Wheeler; Steve Harrington	5	1
346.5	1.5	231	nighttime.n.01; house.n.01; tree.n.01; door.n.01; stair.n.01	wait.v.01; open.v.01; smile.v.02	Nancy Wheeler; Steve Harrington	5	1
348.0	1.5	232	nighttime.n.01; house.n.01; tree.n.01; door.n.01; stair.n.01	wait.v.01; open.v.01; smile.v.02; welcome.v.02	Nancy Wheeler; Steve Harrington	5	1
349.5	1.5	233	nighttime.n.01; clothes.n.01; floor.n.01			5	1
351.0	1.5	234	nighttime.n.01; clothes.n.01; floor.n.01; bed.n.01			5	1
352.5	1.5	235	nighttime.n.01; clothes.n.01; floor.n.01; bed.n.01			5	1
354.0	1.5	236	nighttime.n.01; clothes.n.01; floor.n.01; bed.n.01			5	1
355.5	1.5	237	nighttime.n.01; clothes.n.01; floor.n.01; bed.n.01; beer.n.01; think.n.01	lay.v.02		5	1
357.0	1.5	238	nighttime.n.01; clothes.n.01; floor.n.01; bed.n.01; beer.n.01; think.n.01	lay.v.02	Sheriff Jim Hopper	5	1
358.5	1.5	239	nighttime.n.01; clothes.n.01; floor.n.01; bed.n.01; beer.n.01; think.n.01	lay.v.02	Sheriff Jim Hopper	5	1
360.0	1.5	240	nighttime.n.01; clothes.n.01; floor.n.01; bed.n.01; beer.n.01; think.n.01	lay.v.02	Sheriff Jim Hopper	5	1
361.5	1.5	241	nighttime.n.01; clothes.n.01; floor.n.01; bed.n.01; beer.n.01	lay.v.02; get up.v.02	Sheriff Jim Hopper	5	1
363.0	1.5	242	nighttime.n.01; clothes.n.01; floor.n.01; bed.n.01; beer.n.01	lay.v.02; get up.v.02	Sheriff Jim Hopper	5	1
364.5	1.5	243	nighttime.n.01; clothes.n.01; floor.n.01; bed.n.01; beer.n.01	lay.v.02; get up.v.02	Sheriff Jim Hopper	5	1
366.0	1.5	244	nighttime.n.01; clothes.n.01; floor.n.01; bed.n.01; beer.n.01	lay.v.02; get up.v.02	Sheriff Jim Hopper	5	1
367.5	1.5	245	nighttime.n.01; clothes.n.01; floor.n.01; bed.n.01; beer.n.01	lay.v.02; get up.v.02	Sheriff Jim Hopper	5	1
369.0	1.5	246	nighttime.n.01; clothes.n.01; floor.n.01; bed.n.01; beer.n.01	lay.v.02; get up.v.02; dress.v.01	Sheriff Jim Hopper	5	1
370.5	1.5	247	nighttime.n.01; clothes.n.01; floor.n.01; bed.n.01; beer.n.01	lay.v.02; get up.v.02; dress.v.01	Sheriff Jim Hopper	5	1
372.0	1.5	248	nighttime.n.01; bedroom.n.01; balcony.n.01; think.n.01; beer.n.01; lamp.n.02; tree.n.01	get up.v.02; smoke.v.01	Sheriff Jim Hopper	5	1
373.5	1.5	249	nighttime.n.01; bedroom.n.01; balcony.n.01; think.n.01; beer.n.01; lamp.n.02; tree.n.01	get up.v.02; smoke.v.01	Sheriff Jim Hopper	5	1
375.0	1.5	250	nighttime.n.01; bedroom.n.01; balcony.n.01; think.n.01; beer.n.01; lamp.n.02; tree.n.01	get up.v.02; smoke.v.01	Sheriff Jim Hopper	5	1
376.5	1.5	251	nighttime.n.01; bedroom.n.01; balcony.n.01; think.n.01; beer.n.01; lamp.n.02; tree.n.01	get up.v.02; smoke.v.01; approach.v.01	Sheriff Jim Hopper	5	1
378.0	1.5	252	nighttime.n.01; bedroom.n.01; balcony.n.01; think.n.01; beer.n.01; lamp.n.02; tree.n.01	get up.v.02; smoke.v.01; approach.v.01	Sheriff Jim Hopper	5	1
379.5	1.5	253	nighttime.n.01; bedroom.n.01; balcony.n.01; think.n.01; beer.n.01; lamp.n.02; tree.n.01	get up.v.02; smoke.v.01; approach.v.01	Sheriff Jim Hopper	5	1
381.0	1.5	254	nighttime.n.01; bedroom.n.01; balcony.n.01; think.n.01; beer.n.01; lamp.n.02; tree.n.01	get up.v.02; smoke.v.01; approach.v.01; ask.v.01	Sheriff Jim Hopper	5	1
382.5	1.5	255	nighttime.n.01; bedroom.n.01; balcony.n.01; think.n.01; beer.n.01; lamp.n.02; tree.n.01	get up.v.02; smoke.v.01; approach.v.01; ask.v.01	Sheriff Jim Hopper	5	1
384.0	1.5	256	nighttime.n.01; bedroom.n.01; balcony.n.01; think.n.01; beer.n.01; lamp.n.02; tree.n.01	get up.v.02; smoke.v.01; approach.v.01; ask.v.01	Sheriff Jim Hopper	5	1
385.5	1.5	257	nighttime.n.01; bedroom.n.01; balcony.n.01; think.n.01; beer.n.01; lamp.n.02; tree.n.01; cold.n.03	get up.v.02; smoke.v.01; approach.v.01; ask.v.01	Sheriff Jim Hopper	5	1
387.0	1.5	258	nighttime.n.01; bedroom.n.01; balcony.n.01; think.n.01; beer.n.01; lamp.n.02; tree.n.01; cold.n.03	get up.v.02; smoke.v.01; approach.v.01; ask.v.01; hesitate.v.01	Sheriff Jim Hopper	5	1
388.5	1.5	259	nighttime.n.01; bedroom.n.01; balcony.n.01; think.n.01; beer.n.01; lamp.n.02; tree.n.01; cold.n.03	get up.v.02; smoke.v.01; approach.v.01; ask.v.01; hesitate.v.01	Sheriff Jim Hopper	5	1
390.0	1.5	260	nighttime.n.01; bedroom.n.01; balcony.n.01; think.n.01; beer.n.01; lamp.n.02; tree.n.01; cold.n.03	get up.v.02; smoke.v.01; approach.v.01; ask.v.01; hesitate.v.01	Sheriff Jim Hopper	5	1
391.5	1.5	261	nighttime.n.01; bedroom.n.01; balcony.n.01; think.n.01; beer.n.01; lamp.n.02; tree.n.01; cold.n.03	get up.v.02; smoke.v.01; approach.v.01; ask.v.01; hesitate.v.01	Sheriff Jim Hopper	5	1
393.0	1.5	262	nighttime.n.01; bedroom.n.01; balcony.n.01; think.n.01; beer.n.01; lamp.n.02; tree.n.01; cold.n.03	get up.v.02; smoke.v.01; approach.v.01; ask.v.01; hesitate.v.01	Sheriff Jim Hopper	5	1
394.5	1.5	263	nighttime.n.01; bedroom.n.01; balcony.n.01; think.n.01; beer.n.01; lamp.n.02; tree.n.01; cold.n.03	get up.v.02; smoke.v.01; approach.v.01; ask.v.01; hesitate.v.01	Sheriff Jim Hopper	5	1
396.0	1.5	264	nighttime.n.01; bedroom.n.01; balcony.n.01; think.n.01; beer.n.01; lamp.n.02; tree.n.01; cold.n.03	get up.v.02; smoke.v.01; approach.v.01; ask.v.01; hesitate.v.01	Sheriff Jim Hopper	5	1
397.5	1.5	265	nighttime.n.01; bedroom.n.01; balcony.n.01; think.n.01; beer.n.01; lamp.n.02; tree.n.01; cold.n.03	get up.v.02; smoke.v.01; approach.v.01; ask.v.01; hesitate.v.01	Sheriff Jim Hopper	5	1
399.0	1.5	266	nighttime.n.01; bedroom.n.01; balcony.n.01; think.n.01; beer.n.01; lamp.n.02; tree.n.01; cold.n.03	get up.v.02; smoke.v.01; approach.v.01; ask.v.01; hesitate.v.01	Sheriff Jim Hopper	5	1
400.5	1.5	267	nighttime.n.01; bedroom.n.01; balcony.n.01; think.n.01; beer.n.01; lamp.n.02; tree.n.01; cold.n.03	get up.v.02; smoke.v.01; approach.v.01; ask.v.01; hesitate.v.01	Sheriff Jim Hopper	5	1
402.0	1.5	268	nighttime.n.01; bedroom.n.01; balcony.n.01; think.n.01; beer.n.01; lamp.n.02; tree.n.01; cold.n.03	get up.v.02; smoke.v.01; approach.v.01; ask.v.01; hesitate.v.01	Sheriff Jim Hopper	5	1
403.5	1.5	269	nighttime.n.01; bedroom.n.01; balcony.n.01; think.n.01; beer.n.01; lamp.n.02; tree.n.01; cold.n.03	get up.v.02; smoke.v.01; approach.v.01; ask.v.01; hesitate.v.01	Sheriff Jim Hopper	5	1
405.0	1.5	270	nighttime.n.01; bedroom.n.01; balcony.n.01; think.n.01; beer.n.01; lamp.n.02; tree.n.01; cold.n.03	get up.v.02; smoke.v.01; approach.v.01; ask.v.01; hesitate.v.01	Sheriff Jim Hopper	5	1
406.5	1.5	271	nighttime.n.01; bedroom.n.01; balcony.n.01; think.n.01; beer.n.01; lamp.n.02; tree.n.01; cold.n.03	get up.v.02; smoke.v.01; approach.v.01; ask.v.01; hesitate.v.01	Sheriff Jim Hopper	5	1
408.0	1.5	272	nighttime.n.01; bedroom.n.01; balcony.n.01; think.n.01; beer.n.01; lamp.n.02; tree.n.01; cold.n.03	get up.v.02; smoke.v.01; approach.v.01; ask.v.01; hesitate.v.01	Sheriff Jim Hopper	5	1
409.5	1.5	273	nighttime.n.01; bedroom.n.01; balcony.n.01; think.n.01; beer.n.01; lamp.n.02; tree.n.01; cold.n.03	get up.v.02; smoke.v.01; approach.v.01; ask.v.01; hesitate.v.01	Sheriff Jim Hopper	5	1
411.0	1.5	274	nighttime.n.01; bedroom.n.01; balcony.n.01; think.n.01; beer.n.01; lamp.n.02; tree.n.01; cold.n.03	get up.v.02; smoke.v.01; approach.v.01; ask.v.01; hesitate.v.01; console.v.01; smile.v.02	Sheriff Jim Hopper	5	1
412.5	1.5	275	nighttime.n.01; bedroom.n.01; balcony.n.01; think.n.01; beer.n.01; lamp.n.02; tree.n.01; cold.n.03	get up.v.02; smoke.v.01; approach.v.01; ask.v.01; hesitate.v.01; console.v.01; smile.v.02	Sheriff Jim Hopper	5	1
414.0	1.5	276	nighttime.n.01; bedroom.n.01; balcony.n.01; think.n.01; beer.n.01; lamp.n.02; tree.n.01; cold.n.03	get up.v.02; smoke.v.01; approach.v.01; ask.v.01; hesitate.v.01; console.v.01; smile.v.02	Sheriff Jim Hopper	5	1
415.5	1.5	277	nighttime.n.01; bedroom.n.01; balcony.n.01; think.n.01; beer.n.01; lamp.n.02; tree.n.01; cold.n.03	get up.v.02; smoke.v.01; approach.v.01; ask.v.01; hesitate.v.01; console.v.01; smile.v.02	Sheriff Jim Hopper	5	1
417.0	1.5	278	nighttime.n.01; bedroom.n.01; balcony.n.01; think.n.01; beer.n.01; lamp.n.02; tree.n.01; cold.n.03	get up.v.02; smoke.v.01; approach.v.01; ask.v.01; hesitate.v.01; console.v.01; smile.v.02	Sheriff Jim Hopper	5	1
418.5	1.5	279	nighttime.n.01; bedroom.n.01; balcony.n.01; think.n.01; beer.n.01; lamp.n.02; tree.n.01; cold.n.03	get up.v.02; smoke.v.01; approach.v.01; ask.v.01; hesitate.v.01; console.v.01; smile.v.02	Sheriff Jim Hopper	5	1
420.0	1.5	280	nighttime.n.01; bedroom.n.01; balcony.n.01; think.n.01; beer.n.01; lamp.n.02; tree.n.01; cold.n.03	get up.v.02; smoke.v.01; approach.v.01; ask.v.01; hesitate.v.01; console.v.01; smile.v.02	Sheriff Jim Hopper	5	1
421.5	1.5	281	nighttime.n.01; bedroom.n.01; balcony.n.01; think.n.01; beer.n.01; lamp.n.02; tree.n.01; cold.n.03	get up.v.02; smoke.v.01; approach.v.01; ask.v.01; hesitate.v.01; console.v.01; smile.v.02	Sheriff Jim Hopper	5	1
423.0	1.5	282	nighttime.n.01; bedroom.n.01; balcony.n.01; think.n.01; beer.n.01; lamp.n.02; tree.n.01; cold.n.03	get up.v.02; smoke.v.01; approach.v.01; ask.v.01; hesitate.v.01; console.v.01; smile.v.02	Sheriff Jim Hopper	5	1
424.5	1.5	283	nighttime.n.01; bedroom.n.01; balcony.n.01; think.n.01; beer.n.01; lamp.n.02; tree.n.01; cold.n.03	get up.v.02; smoke.v.01; ask.v.01	Sheriff Jim Hopper	5	1
426.0	1.5	284	nighttime.n.01; bedroom.n.01; balcony.n.01; think.n.01; beer.n.01; lamp.n.02; tree.n.01; cold.n.03	get up.v.02; smoke.v.01; ask.v.01; hesitate.v.01	Sheriff Jim Hopper	5	1
427.5	1.5	285	nighttime.n.01; bedroom.n.01; balcony.n.01; think.n.01; beer.n.01; lamp.n.02; tree.n.01; cold.n.03	get up.v.02; smoke.v.01; ask.v.01; depart.v.01	Sheriff Jim Hopper	5	1
429.0	1.5	286	nighttime.n.01; bedroom.n.01; balcony.n.01; think.n.01; beer.n.01; lamp.n.02; tree.n.01; cold.n.03	get up.v.02; smoke.v.01; ask.v.01; depart.v.01	Sheriff Jim Hopper	5	1
430.5	1.5	287	nighttime.n.01; bedroom.n.01; balcony.n.01; think.n.01; beer.n.01; lamp.n.02; tree.n.01; cold.n.03	get up.v.02; smoke.v.01; ask.v.01; depart.v.01	Sheriff Jim Hopper	5	1
432.0	1.5	288	nighttime.n.01; bedroom.n.01; balcony.n.01; think.n.01; beer.n.01; lamp.n.02; tree.n.01; cold.n.03	get up.v.02; smoke.v.01; ask.v.01; depart.v.01	Sheriff Jim Hopper	5	1
433.5	1.5	289	nighttime.n.01; bedroom.n.01; balcony.n.01; think.n.01; beer.n.01; lamp.n.02; tree.n.01; cold.n.03	get up.v.02; smoke.v.01; ask.v.01; depart.v.01	Sheriff Jim Hopper	5	1
435.0	1.5	290	nighttime.n.01; bedroom.n.01; balcony.n.01; think.n.01; beer.n.01; lamp.n.02; tree.n.01; cold.n.03	get up.v.02; smoke.v.01; ask.v.01; depart.v.01; upset.v.01	Sheriff Jim Hopper	5	1
436.5	1.5	291	nighttime.n.01; bedroom.n.01; balcony.n.01; think.n.01; beer.n.01; lamp.n.02; tree.n.01; cold.n.03	get up.v.02; smoke.v.01; ask.v.01; depart.v.01; upset.v.01	Sheriff Jim Hopper	5	1
438.0	1.5	292	nighttime.n.01; bedroom.n.01; balcony.n.01; think.n.01; beer.n.01; lamp.n.02; tree.n.01; cold.n.03	get up.v.02; smoke.v.01; ask.v.01; depart.v.01; upset.v.01	Sheriff Jim Hopper	5	1
439.5	1.5	293	nighttime.n.01; bedroom.n.01; balcony.n.01; think.n.01; beer.n.01; lamp.n.02; tree.n.01; cold.n.03	get up.v.02; smoke.v.01; ask.v.01; depart.v.01; upset.v.01	Sheriff Jim Hopper	5	1
441.0	1.5	294	nighttime.n.01; bedroom.n.01; balcony.n.01; think.n.01; beer.n.01; lamp.n.02; tree.n.01; cold.n.03	get up.v.02; smoke.v.01; ask.v.01; depart.v.01; upset.v.01	Sheriff Jim Hopper	5	1
442.5	1.5	295	nighttime.n.01; bedroom.n.01; balcony.n.01; think.n.01; beer.n.01; lamp.n.02; tree.n.01; cold.n.03	get up.v.02; smoke.v.01; ask.v.01; depart.v.01; upset.v.01	Sheriff Jim Hopper	5	1
444.0	1.5	296	nighttime.n.01; bedroom.n.01; balcony.n.01; think.n.01; beer.n.01; lamp.n.02; tree.n.01; cold.n.03	get up.v.02; smoke.v.01; ask.v.01; depart.v.01; upset.v.01	Sheriff Jim Hopper	5	1
